TranDate,Account,Dept,Sum of Amount
01/05/2022,65690,253,58.14
01/05/2022,65540,223,318.85
01/05/2022,61510,151,93.57
01/05/2022,61570,176,136.54
01/05/2022,86050,167,60.18
01/05/2022,66040,231,48.6
01/05/2022,71299,232,27.89
01/05/2022,65700,192,290.72
01/05/2022,66010,191,58.29
01/05/2022,66040,253,54
01/05/2022,65620,223,40.9
01/05/2022,65750,151,379.68
01/05/2022,62560,176,12.5
01/05/2022,81220,167,93.78
01/05/2022,66120,231,2.32
01/05/2022,65650,232,496.32
01/05/2022,65660,192,169.51
01/05/2022,86030,191,3.47
01/05/2022,66110,246,0.31
01/05/2022,62099,163,40.27
01/05/2022,61540,237,36.92
01/05/2022,72050,242,118.15
01/05/2022,62030,193,162.69
01/05/2022,66070,206,21.33
01/05/2022,66110,227,0.3
01/05/2022,62030,181,227.76
01/05/2022,65650,176,592.2
01/05/2022,81180,275,16.17
01/05/2022,65550,292,475.43
01/05/2022,61540,163,25.56
01/05/2022,61550,210,227.75
01/05/2022,81150,292,16.27
01/05/2022,65610,166,269.41
01/05/2022,65690,282,48.45
01/05/2022,62520,264,205.41
01/05/2022,62530,152,76.34
01/05/2022,62510,173,396.93
01/05/2022,83060,283,64.73
01/05/2022,65660,267,155.39
01/05/2022,73030,180,121.54
01/05/2022,62530,232,58.72
01/05/2022,65730,182,1.35
01/05/2022,66010,228,41.76
01/05/2022,62550,264,32.58
01/05/2022,65760,297,5.59
01/05/2022,61530,290,39.31
01/05/2022,65570,216,6.15
01/05/2022,64020,249,1.38
01/05/2022,73040,293,32.4
01/05/2022,65610,218,323.29
01/05/2022,65760,263,10.76
01/05/2022,66120,252,2.56
01/05/2022,65690,193,69.37
01/05/2022,86310,291,273.13
01/05/2022,66510,222,87.6
01/05/2022,66070,260,8.16
02/05/2022,64010,223,58.25
02/05/2022,72040,205,"1,055.35"
02/05/2022,73020,251,22.2
02/05/2022,65740,286,726.18
02/05/2022,66510,211,66.75
02/05/2022,65540,185,217.4
02/05/2022,81100,173,140.1
02/05/2022,66070,199,9.2
02/05/2022,66520,207,19.31
02/05/2022,86180,240,23.28
02/05/2022,66510,236,67.3
02/05/2022,62010,245,581.31
02/05/2022,66070,292,9.41
02/05/2022,62550,215,66.82
02/05/2022,65590,162,51.83
02/05/2022,65690,239,36.34
02/05/2022,65610,195,359.22
02/05/2022,63050,196,9.24
02/05/2022,61510,243,135.09
02/05/2022,80990,248,"1,966.06"
02/05/2022,64020,273,1.33
02/05/2022,81230,198,214.49
02/05/2022,65660,198,173.37
02/05/2022,65760,165,13.84
02/05/2022,65550,185,149.73
02/05/2022,62510,184,545.78
02/05/2022,64020,196,1.62
02/05/2022,64020,190,1.6
02/05/2022,65750,199,303.74
02/05/2022,65730,185,1.5
02/05/2022,65690,257,121.32
02/05/2022,65760,159,6.66
02/05/2022,73030,254,483.64
02/05/2022,81190,218,80.4
02/05/2022,65660,287,127.14
02/05/2022,82050,212,3.9
02/05/2022,62560,285,8.52
02/05/2022,65760,287,4.19
02/05/2022,84020,185,123.93
02/05/2022,65570,274,6.46
02/05/2022,86050,169,73.55
02/05/2022,73050,239,27.09
02/05/2022,61550,249,275.93
02/05/2022,73030,235,834.38
02/05/2022,65570,232,7.75
02/05/2022,86290,212,149.42
02/05/2022,65660,290,296.65
02/05/2022,66050,168,31.96
02/05/2022,62550,236,79.83
02/05/2022,84020,163,202.58
02/05/2022,86040,265,367.83
02/05/2022,65590,228,56.14
02/05/2022,66050,217,21.91
02/05/2022,65540,263,259.07
02/05/2022,86280,213,59.31
02/05/2022,66130,202,49.66
03/05/2022,66070,242,6.9
03/05/2022,65710,154,403.97
03/05/2022,73030,152,375.37
03/05/2022,66100,252,4.13
03/05/2022,65590,194,90.7
03/05/2022,66110,243,0.41
03/05/2022,65600,250,176.07
03/05/2022,62560,277,15.39
03/05/2022,65550,199,960.46
03/05/2022,66530,189,7.5
03/05/2022,62030,294,130.15
03/05/2022,66030,298,3.7
03/05/2022,86140,232,1.44
03/05/2022,66550,153,93.8
03/05/2022,66120,155,2.03
03/05/2022,66520,203,26.14
03/05/2022,66030,223,2.52
03/05/2022,65660,258,125.21
03/05/2022,62520,198,192.57
03/05/2022,73040,261,166.5
03/05/2022,61510,243,63.16
03/05/2022,65550,193,633.9
03/05/2022,66110,156,0.42
03/05/2022,62020,256,674.44
03/05/2022,73050,186,61.49
03/05/2022,65590,222,38.28
03/05/2022,65750,211,408.37
03/05/2022,61520,182,245.6
03/05/2022,72160,219,"1,413.45"
03/05/2022,65730,182,1.65
03/05/2022,65570,268,6.77
03/05/2022,65540,275,163.05
03/05/2022,65550,249,432.21
03/05/2022,66010,180,93.26
03/05/2022,83070,278,189.84
03/05/2022,66090,172,19.14
03/05/2022,62010,292,444.06
03/05/2022,66100,175,3.38
03/05/2022,65750,157,482.62
03/05/2022,61540,288,37.48
03/05/2022,63050,206,3.6
03/05/2022,65520,205,22.29
03/05/2022,65740,173,452.68
03/05/2022,66010,217,69.95
03/05/2022,66120,178,1.86
03/05/2022,65660,295,150.25
03/05/2022,71020,175,925.82
03/05/2022,66120,271,1.86
03/05/2022,61510,155,77.2
03/05/2022,72150,224,"1,317.75"
03/05/2022,81070,179,63.25
03/05/2022,86020,239,22.44
03/05/2022,66530,296,9.54
03/05/2022,64020,286,1.47
04/05/2022,66020,230,632.42
04/05/2022,81110,150,11.56
04/05/2022,65690,230,59.46
04/05/2022,61560,178,129.31
04/05/2022,66070,280,11.51
04/05/2022,64020,269,1.62
04/05/2022,62530,253,93.96
04/05/2022,62510,246,357.24
04/05/2022,65610,236,350.24
04/05/2022,66050,274,24.55
04/05/2022,65730,288,2
04/05/2022,61530,251,46.46
04/05/2022,66050,211,22.83
04/05/2022,82040,231,74.37
04/05/2022,61510,272,96.49
04/05/2022,65620,222,188.21
04/05/2022,65620,219,165.62
04/05/2022,61570,176,144.63
04/05/2022,62099,222,27.18
04/05/2022,62020,170,827.72
04/05/2022,65610,229,404.12
04/05/2022,64010,231,72.81
04/05/2022,61530,288,53.61
04/05/2022,61520,203,157.24
04/05/2022,86010,279,281.24
04/05/2022,65520,201,22.29
04/05/2022,66090,206,27.84
04/05/2022,65710,187,731.09
04/05/2022,63050,196,5.28
04/05/2022,62540,261,23.31
04/05/2022,61520,219,146.19
04/05/2022,85510,178,411.3
04/05/2022,83060,150,48.54
04/05/2022,72040,196,"1,289.87"
04/05/2022,62520,164,225.95
04/05/2022,65650,286,541.44
04/05/2022,65730,277,1.22
04/05/2022,66130,176,34.14
04/05/2022,72010,283,"3,109.38"
04/05/2022,61570,171,98.61
04/05/2022,61550,273,331.11
04/05/2022,65590,163,32.39
04/05/2022,61570,273,83.44
04/05/2022,65520,214,8.64
04/05/2022,65600,201,161.4
04/05/2022,63050,154,5.4
04/05/2022,65590,167,53
04/05/2022,83060,165,58.25
04/05/2022,64000,179,282.84
04/05/2022,62030,184,130.15
04/05/2022,65600,159,624.83
04/05/2022,62550,267,33.08
04/05/2022,82060,157,"1,233.63"
04/05/2022,64010,163,52.95
05/05/2022,65520,270,18.58
05/05/2022,62530,179,64.06
05/05/2022,61530,205,38.6
05/05/2022,65570,178,5.9
05/05/2022,66090,244,46.4
05/05/2022,65610,283,296.35
05/05/2022,64010,244,66.19
05/05/2022,62010,276,"1,130.33"
05/05/2022,82060,169,"1,009.33"
05/05/2022,65540,211,235.52
05/05/2022,86450,194,13.22
05/05/2022,65750,278,371.24
05/05/2022,66510,283,72.31
05/05/2022,83030,157,199.38
05/05/2022,86360,231,20
05/05/2022,86280,239,72.49
05/05/2022,65620,168,250.94
05/05/2022,65740,168,377.24
05/05/2022,62550,261,50.12
05/05/2022,65600,241,211.94
05/05/2022,82010,231,201.13
05/05/2022,81170,293,32.37
05/05/2022,65520,287,17.03
05/05/2022,62560,202,18.36
05/05/2022,73020,160,183.73
05/05/2022,66120,188,1.7
05/05/2022,62550,264,40.09
05/05/2022,73040,195,186.12
05/05/2022,62010,186,847.74
05/05/2022,71560,247,72
05/05/2022,65520,154,36.33
05/05/2022,66100,278,5.37
05/05/2022,66050,256,26.78
05/05/2022,66070,295,12.27
05/05/2022,66050,172,16.74
05/05/2022,86050,246,124.41
05/05/2022,71010,203,"2,039.57"
05/05/2022,65660,169,242.71
05/05/2022,86130,282,232.79
05/05/2022,61550,265,189.21
05/05/2022,65600,161,286.93
05/05/2022,62530,164,57.66
05/05/2022,61550,178,170.81
05/05/2022,62020,245,662.18
05/05/2022,65730,232,1.79
05/05/2022,62560,275,10.49
05/05/2022,66090,186,38.28
05/05/2022,66510,286,66.74
05/05/2022,65650,236,564
05/05/2022,65520,214,24.77
05/05/2022,65570,220,6.56
05/05/2022,66520,286,28.32
05/05/2022,61550,284,308.33
05/05/2022,81180,221,13.47
06/05/2022,65540,162,203.81
06/05/2022,62030,165,231.38
06/05/2022,66510,207,88.99
06/05/2022,66130,286,128.18
06/05/2022,81170,297,24.28
06/05/2022,86180,237,16.84
06/05/2022,66510,223,73.42
06/05/2022,86010,236,104.87
06/05/2022,65570,255,3.69
06/05/2022,62020,214,717.36
06/05/2022,71180,191,337.02
06/05/2022,66050,191,38.61
06/05/2022,66050,165,30.44
06/05/2022,64020,228,2.84
06/05/2022,66050,249,21.91
06/05/2022,61560,228,141.43
06/05/2022,61520,290,187.13
06/05/2022,66020,193,474.31
06/05/2022,62030,194,188
06/05/2022,61520,164,140.34
06/05/2022,66030,289,8.32
06/05/2022,65520,265,23.22
06/05/2022,85010,150,109.24
06/05/2022,61540,230,34.08
06/05/2022,65760,263,5.12
06/05/2022,86310,175,186.23
06/05/2022,65690,217,72.67
06/05/2022,71070,272,12.01
06/05/2022,71560,185,60
06/05/2022,83050,257,278.15
06/05/2022,61530,208,38.6
06/05/2022,61560,235,107.76
06/05/2022,65750,194,364.49
06/05/2022,62550,229,36.08
06/05/2022,62550,182,30.07
06/05/2022,71550,266,415.19
06/05/2022,86200,263,22.77
06/05/2022,81350,199,7.07
06/05/2022,66040,228,49.85
06/05/2022,66090,158,37.42
06/05/2022,73010,171,187.05
06/05/2022,64010,275,58.25
06/05/2022,81270,174,212.75
06/05/2022,73010,183,52.2
06/05/2022,73020,201,29.8
06/05/2022,62099,277,22.15
06/05/2022,62520,256,342.34
06/05/2022,72060,233,"2,465.47"
06/05/2022,65620,242,103.51
06/05/2022,66030,225,4.41
06/05/2022,61550,156,234.58
06/05/2022,65730,153,1.38
06/05/2022,73040,219,169.2
06/05/2022,65740,240,339.51
07/05/2022,62010,159,938.92
07/05/2022,66050,213,26.78
07/05/2022,61540,291,56.8
07/05/2022,62020,250,"1,226.25"
07/05/2022,66130,170,49.66
07/05/2022,61510,282,70.18
07/05/2022,86050,258,131.33
07/05/2022,66020,168,501.28
07/05/2022,65750,239,593.99
07/05/2022,65730,188,8.35
07/05/2022,62020,169,"1,011.65"
07/05/2022,86180,153,4.11
07/05/2022,62020,179,735.75
07/05/2022,72110,221,"2,167.38"
07/05/2022,61530,163,57.18
07/05/2022,65750,225,674.99
07/05/2022,61510,257,48.25
07/05/2022,66030,241,3.78
07/05/2022,86020,152,26.92
07/05/2022,62010,155,888.11
07/05/2022,62020,282,597.8
07/05/2022,66050,231,24.35
07/05/2022,66510,185,73.42
07/05/2022,84020,266,137.7
07/05/2022,61570,215,233.63
07/05/2022,62020,198,662.18
07/05/2022,65570,281,8.2
07/05/2022,65570,154,4.96
07/05/2022,66020,205,395.26
07/05/2022,66080,232,7.5
07/05/2022,72070,220,"3,300.01"
07/05/2022,66080,153,6
07/05/2022,65660,277,226.02
07/05/2022,66520,190,23.76
07/05/2022,64000,238,157.58
07/05/2022,66020,218,431.19
07/05/2022,65750,298,539.99
07/05/2022,66040,170,29
07/05/2022,71170,193,587.29
07/05/2022,62030,197,238.61
07/05/2022,62550,260,27.56
07/05/2022,62099,253,31.06
07/05/2022,62550,246,36.75
07/05/2022,62510,290,396.93
07/05/2022,66040,184,59.82
07/05/2022,86030,215,4.24
07/05/2022,82010,158,223.48
07/05/2022,64020,236,1.66
07/05/2022,66520,150,19.6
07/05/2022,72090,290,755.48
07/05/2022,86130,263,258.65
07/05/2022,66050,294,18.26
07/05/2022,72150,223,"1,757.00"
07/05/2022,73050,193,53.92
07/05/2022,66080,230,5.5
07/05/2022,86140,249,1.6
07/05/2022,66020,174,431.19
07/05/2022,66130,185,40.35
07/05/2022,73010,260,249.4
07/05/2022,66520,253,40.37
07/05/2022,86100,298,165.64
07/05/2022,86150,269,51.04
07/05/2022,66080,229,4.13
07/05/2022,62530,204,70.47
07/05/2022,83050,212,189.65
07/05/2022,61540,221,40.61
07/05/2022,66010,166,111.28
07/05/2022,65620,185,151.82
07/05/2022,62099,230,46.51
07/05/2022,68060,289,88.03
07/05/2022,62550,255,106.44
07/05/2022,62099,227,38.05
07/05/2022,65540,173,362.34
07/05/2022,68060,244,107.59
07/05/2022,65610,281,246.96
07/05/2022,63050,271,5.76
07/05/2022,66110,198,0.4
07/05/2022,73050,281,16.24
07/05/2022,62510,239,436.62
07/05/2022,84030,157,295
07/05/2022,66520,214,25.74
07/05/2022,65540,257,342.41
07/05/2022,86100,163,135.53
07/05/2022,66090,152,48.72
07/05/2022,65590,215,38.87
07/05/2022,65700,223,268.36
07/05/2022,61510,256,64.33
07/05/2022,65700,218,563.55
07/05/2022,65730,220,1.51
07/05/2022,65710,229,592.49
07/05/2022,66120,202,1.65
07/05/2022,61550,195,210.23
07/05/2022,62099,180,32.21
07/05/2022,62530,210,85.42
07/05/2022,86030,295,3.86
07/05/2022,82070,170,173.57
07/05/2022,73050,203,14.18
07/05/2022,72090,243,"1,007.30"
07/05/2022,66040,219,49.85
07/05/2022,65550,281,576.28
07/05/2022,61510,291,87.72
07/05/2022,86150,287,74.86
07/05/2022,61550,175,192.71
07/05/2022,64020,290,1.11
07/05/2022,61560,153,107.76
07/05/2022,65590,164,44.17
07/05/2022,62020,246,"1,158.81"
07/05/2022,65650,167,488.8
07/05/2022,66090,285,28.07
07/05/2022,65650,236,406.08
07/05/2022,66510,246,83.43
07/05/2022,66010,203,100.15
07/05/2022,64000,277,212.13
07/05/2022,72120,276,"2,358.87"
07/05/2022,86030,291,2.89
07/05/2022,62099,245,26.58
07/05/2022,71560,217,80
07/05/2022,65590,150,140.33
07/05/2022,65750,208,556.86
07/05/2022,64010,257,47.66
07/05/2022,65740,164,660.16
07/05/2022,61570,234,133.5
07/05/2022,71200,201,128.04
07/05/2022,65710,272,974.78
07/05/2022,62020,245,"1,416.32"
07/05/2022,62560,160,9.44
07/05/2022,62520,295,301.26
07/05/2022,65620,265,122.33
07/05/2022,86100,264,52.99
07/05/2022,65700,179,477.08
07/05/2022,62530,223,64.06
07/05/2022,62520,246,205.41
07/05/2022,65520,234,26.83
07/05/2022,66020,245,388.07
07/05/2022,62550,258,44.1
07/05/2022,73040,267,90.72
07/05/2022,72120,151,"2,883.06"
07/05/2022,73050,153,51.24
07/05/2022,62020,202,919.69
07/05/2022,66080,167,7.2
07/05/2022,66110,294,0.33
07/05/2022,86360,188,22
07/05/2022,65760,253,9.78
07/05/2022,65610,193,395.14
07/05/2022,64010,245,63.54
07/05/2022,64020,171,2.32
07/05/2022,73010,168,220.77
07/05/2022,65590,176,47.51
07/05/2022,65700,262,295.19
07/05/2022,65610,202,493.14
07/05/2022,73010,212,230.81
07/05/2022,71030,283,336.28
07/05/2022,73020,233,43.71
07/05/2022,62030,242,303.68
07/05/2022,86270,234,113.34
07/05/2022,86290,254,94.85
07/05/2022,65690,294,70.47
07/05/2022,86090,227,82.6
07/05/2022,65700,209,387.63
07/05/2022,66050,282,51.48
07/05/2022,62550,288,77.18
07/05/2022,66530,151,6.5
07/05/2022,81150,287,13.31
07/05/2022,65740,278,339.51
07/05/2022,66530,225,10.67
07/05/2022,65570,287,5.33
07/05/2022,73050,258,79.09
07/05/2022,64000,271,237.05
07/05/2022,65570,201,9.47
07/05/2022,64000,184,145.46
07/05/2022,81190,255,65.78
07/05/2022,86010,248,52.87
07/05/2022,86030,236,147.47
07/05/2022,65750,269,303.74
07/05/2022,66090,187,22.97
07/05/2022,61560,189,88.9
07/05/2022,66050,241,27.39
07/05/2022,66070,294,8.44
07/05/2022,66530,239,11
07/05/2022,61550,298,280.3
07/05/2022,73020,202,172.35
07/05/2022,65610,288,628.63
07/05/2022,71240,281,493.9
07/05/2022,65540,210,418.5
07/05/2022,65540,270,298.93
07/05/2022,62510,214,496.16
07/05/2022,65520,244,43.34
07/05/2022,66040,194,38.67
07/05/2022,81100,170,116.75
07/05/2022,72999,196,229.64
07/05/2022,62020,247,797.06
07/05/2022,61550,157,204.97
07/05/2022,72140,251,760.6
07/05/2022,72150,194,"1,932.70"
07/05/2022,66520,207,31.19
07/05/2022,65550,174,756.36
08/05/2022,86010,276,31.4
08/05/2022,61550,248,189.21
08/05/2022,66100,232,4.06
08/05/2022,62010,175,704.19
08/05/2022,82040,153,90.89
08/05/2022,62560,283,9.62
08/05/2022,66130,205,95.6
08/05/2022,83030,203,221.53
08/05/2022,66070,240,7.53
08/05/2022,66530,206,9.6
08/05/2022,73030,263,148.54
08/05/2022,71310,283,"4,265.96"
08/05/2022,63050,290,5.72
08/05/2022,66520,258,23.96
08/05/2022,72130,222,"2,505.36"
08/05/2022,65660,272,183.64
08/05/2022,65570,221,4
08/05/2022,65570,272,3.69
08/05/2022,66530,189,12.8
08/05/2022,66010,249,63.59
08/05/2022,61530,287,71.48
08/05/2022,65550,288,518.65
08/05/2022,66030,247,3.02
08/05/2022,65750,157,"1,219.08"
08/05/2022,66110,190,0.26
08/05/2022,71550,192,553.58
08/05/2022,62520,208,207.12
08/05/2022,83060,253,71.2
08/05/2022,65760,164,8.8
08/05/2022,65620,196,207.03
08/05/2022,62530,210,84.08
08/05/2022,66100,295,4.51
08/05/2022,66070,227,7.67
08/05/2022,66040,218,37.39
08/05/2022,66110,215,0.46
08/05/2022,66050,219,24.35
08/05/2022,86200,235,99.4
08/05/2022,61530,261,56.29
08/05/2022,65610,173,329.28
08/05/2022,61540,232,53.67
08/05/2022,65540,272,217.4
08/05/2022,61560,193,188.58
08/05/2022,68060,159,143.46
08/05/2022,62099,224,21.74
08/05/2022,65610,162,526.85
08/05/2022,62099,217,24.16
08/05/2022,86290,255,105.39
08/05/2022,62510,182,363.85
08/05/2022,66030,157,4.62
08/05/2022,73020,261,84.03
08/05/2022,66020,292,668.37
08/05/2022,83020,218,275.97
08/05/2022,66520,163,17.82
08/05/2022,61560,277,128.41
09/05/2022,65550,248,528.25
09/05/2022,65550,296,624.3
09/05/2022,66030,243,4.03
09/05/2022,65690,215,39.64
09/05/2022,73010,178,200.7
09/05/2022,84030,298,221.25
09/05/2022,62030,275,174.98
09/05/2022,81280,227,12.16
09/05/2022,65540,242,289.87
09/05/2022,63050,275,3.9
09/05/2022,66130,203,62.08
09/05/2022,65760,183,5.24
09/05/2022,73020,251,155.11
09/05/2022,65570,272,5.41
09/05/2022,65650,187,372.24
09/05/2022,86020,272,32.91
09/05/2022,66130,252,49.66
09/05/2022,62510,279,430.38
09/05/2022,65760,294,4.54
09/05/2022,73010,281,152.94
09/05/2022,65730,271,1.35
09/05/2022,86050,189,50.15
09/05/2022,73040,200,152.28
09/05/2022,66040,207,44.86
09/05/2022,66040,155,41.12
09/05/2022,81050,280,531.93
09/05/2022,64010,274,43.02
09/05/2022,71060,157,48.91
09/05/2022,71060,199,36.68
09/05/2022,65730,203,1.8
09/05/2022,65750,218,445.49
09/05/2022,64020,215,1.35
09/05/2022,66070,156,10.98
09/05/2022,62560,262,11.54
09/05/2022,65600,194,468.62
09/05/2022,65760,271,9.32
09/05/2022,65710,156,455.76
09/05/2022,62099,188,26.58
09/05/2022,66510,260,50.06
09/05/2022,65650,227,338.4
09/05/2022,64020,194,1.47
09/05/2022,63050,198,3.3
09/05/2022,71070,257,10.81
09/05/2022,62520,286,154.05
09/05/2022,61550,261,197.09
09/05/2022,64020,297,5.77
09/05/2022,82060,207,"1,121.48"
09/05/2022,66050,244,18.26
09/05/2022,86010,295,39.65
09/05/2022,65740,207,259.35
09/05/2022,71060,216,53.8
09/05/2022,65540,296,217.4
09/05/2022,61520,158,168.93
09/05/2022,66090,156,27.84
10/05/2022,73020,156,28.35
10/05/2022,72140,229,929.63
10/05/2022,66110,286,0.45
10/05/2022,62550,286,52.62
10/05/2022,62560,231,16.52
10/05/2022,62010,236,605.53
10/05/2022,81260,266,198.1
10/05/2022,68050,292,0.07
10/05/2022,65620,152,169.39
10/05/2022,86050,286,84.82
10/05/2022,64020,292,1.01
10/05/2022,65740,270,628.73
10/05/2022,62020,275,505.83
10/05/2022,62530,221,72.07
10/05/2022,66070,292,6.28
10/05/2022,61540,278,24.25
10/05/2022,65690,211,88.09
10/05/2022,84020,150,168.81
10/05/2022,61550,215,157.67
10/05/2022,66020,228,431.19
10/05/2022,62010,204,726.64
10/05/2022,65700,218,322.03
10/05/2022,68060,216,73.36
10/05/2022,66020,291,323.4
10/05/2022,65540,181,260.88
10/05/2022,64020,282,1.77
10/05/2022,86180,298,3.09
10/05/2022,62020,243,"1,079.10"
10/05/2022,66530,277,8.67
10/05/2022,61520,183,126.7
10/05/2022,86290,164,79.04
10/05/2022,66550,209,85.98
10/05/2022,64020,268,1.76
10/05/2022,62530,277,80.08
10/05/2022,61510,192,92.11
10/05/2022,65750,289,364.49
10/05/2022,66090,230,53.59
10/05/2022,86150,230,68.05
10/05/2022,86330,270,494.65
10/05/2022,71299,238,20.91
10/05/2022,61520,258,175.43
10/05/2022,66010,257,63.59
10/05/2022,73020,216,102.7
10/05/2022,65710,151,957.1
10/05/2022,62510,281,372.12
10/05/2022,73030,246,33.59
10/05/2022,73020,229,34.65
10/05/2022,61510,171,75.07
10/05/2022,61520,199,228.71
10/05/2022,66080,264,6
10/05/2022,71325,193,408.23
10/05/2022,65610,192,359.22
10/05/2022,66080,271,10.5
10/05/2022,62510,183,357.24
11/05/2022,62010,241,775.08
11/05/2022,71240,205,370.43
11/05/2022,65600,240,269
11/05/2022,66050,295,46.87
11/05/2022,62530,227,69.4
11/05/2022,86010,152,249.85
11/05/2022,66050,285,29.22
11/05/2022,65610,186,395.14
11/05/2022,62030,157,141
11/05/2022,65600,150,146.73
11/05/2022,66520,251,26.14
11/05/2022,86360,291,18
11/05/2022,86050,229,113.1
11/05/2022,65550,275,581.08
11/05/2022,65620,235,146.8
11/05/2022,65590,215,61.84
11/05/2022,61510,187,57.9
11/05/2022,64020,229,7.69
11/05/2022,72160,275,963.71
11/05/2022,62099,279,23.56
11/05/2022,66020,155,538.99
11/05/2022,73050,251,36.11
11/05/2022,65600,231,244.55
11/05/2022,63050,296,4.84
11/05/2022,62520,215,188.29
11/05/2022,66100,173,4.88
11/05/2022,66030,239,6.47
11/05/2022,62099,162,26.17
11/05/2022,62030,182,273.32
11/05/2022,73010,233,61.88
11/05/2022,65660,235,115.58
11/05/2022,62020,269,551.81
11/05/2022,65710,222,596.63
11/05/2022,73050,166,12.72
11/05/2022,64000,264,175.09
11/05/2022,71050,257,246.01
11/05/2022,65660,171,256.84
11/05/2022,62550,253,30.07
11/05/2022,66530,214,6
11/05/2022,72100,273,484.41
11/05/2022,66020,213,592.89
11/05/2022,81270,209,234.03
11/05/2022,82050,222,3.51
11/05/2022,61550,203,211.98
11/05/2022,65750,278,531.55
11/05/2022,66520,163,45.74
11/05/2022,66550,218,123.11
11/05/2022,65700,238,429.37
11/05/2022,61540,168,40.89
11/05/2022,66090,243,30.62
11/05/2022,65690,284,39.64
11/05/2022,81110,276,14.12
11/05/2022,73010,207,46.41
11/05/2022,73030,184,450.44
12/05/2022,66510,295,55.06
12/05/2022,83050,215,252.86
12/05/2022,66120,252,2.81
12/05/2022,86020,222,5.72
12/05/2022,68060,158,110.04
12/05/2022,65690,163,101.74
12/05/2022,62099,246,18.12
12/05/2022,62010,280,645.9
12/05/2022,73050,255,13.29
12/05/2022,83020,295,52.13
12/05/2022,73010,265,56.77
12/05/2022,65550,254,"1,008.48"
12/05/2022,65740,156,380.38
12/05/2022,65620,198,54.53
12/05/2022,86040,244,250.79
12/05/2022,62010,224,629.75
12/05/2022,66120,233,1.69
12/05/2022,73030,246,101.28
12/05/2022,66030,274,2.31
12/05/2022,81250,287,19.28
12/05/2022,86010,245,312.49
12/05/2022,63050,170,6.4
12/05/2022,65760,259,8.2
12/05/2022,72040,213,"1,172.61"
12/05/2022,66550,236,91.46
12/05/2022,61510,273,100.09
12/05/2022,66010,246,47.69
12/05/2022,86020,222,29.91
12/05/2022,66030,191,6.24
12/05/2022,62510,152,400.24
12/05/2022,73010,220,83.27
12/05/2022,66090,230,33.41
12/05/2022,65590,162,35.34
12/05/2022,61560,254,87.55
12/05/2022,61520,190,207.92
12/05/2022,65710,250,683.64
12/05/2022,65520,239,29.72
12/05/2022,66080,243,8
12/05/2022,65520,171,27.86
12/05/2022,83020,294,248.37
12/05/2022,64000,285,148.15
12/05/2022,61520,200,299.74
12/05/2022,84020,247,151.47
12/05/2022,62550,241,63.15
12/05/2022,65570,217,8.61
12/05/2022,72070,275,"3,630.01"
12/05/2022,66100,156,4.54
12/05/2022,66080,278,6.75
12/05/2022,65690,294,47.57
12/05/2022,62010,262,710.49
12/05/2022,73010,212,63.8
12/05/2022,65620,240,112.92
12/05/2022,86180,226,34.14
12/05/2022,73010,290,224.46
13/05/2022,62020,281,551.81
13/05/2022,61510,226,110.53
13/05/2022,71160,201,237.05
13/05/2022,71200,251,140.84
13/05/2022,82100,242,52.6
13/05/2022,65590,272,58.89
13/05/2022,72140,178,845.11
13/05/2022,62510,290,520.97
13/05/2022,65710,189,497.19
13/05/2022,65760,281,6.71
13/05/2022,65520,197,24.97
13/05/2022,66010,242,69.95
13/05/2022,65750,218,485.99
13/05/2022,71170,245,440.47
13/05/2022,65650,294,288.77
13/05/2022,71180,293,404.42
13/05/2022,66010,202,31.32
13/05/2022,71050,210,295.21
13/05/2022,61540,265,23.43
13/05/2022,66510,151,45.89
13/05/2022,66040,297,56.08
13/05/2022,65590,273,47.12
13/05/2022,61550,221,231.25
13/05/2022,65600,197,260.85
13/05/2022,66120,245,1.69
13/05/2022,86010,154,274.83
13/05/2022,66040,268,44.86
13/05/2022,86170,210,18
13/05/2022,66110,157,0.46
13/05/2022,66110,272,0.28
13/05/2022,80990,200,"2,621.41"
13/05/2022,73020,230,35.66
13/05/2022,66020,228,513.84
13/05/2022,63050,262,4.4
13/05/2022,65520,156,41.28
13/05/2022,61540,236,34.08
13/05/2022,66020,226,355.73
13/05/2022,66070,166,16
13/05/2022,62010,235,769.7
13/05/2022,62510,259,694.63
13/05/2022,71190,240,116.94
13/05/2022,61560,271,96.98
13/05/2022,66130,220,50.08
13/05/2022,64010,207,52.95
13/05/2022,66130,262,96.14
13/05/2022,62530,292,76.88
13/05/2022,62560,276,13.77
13/05/2022,61510,260,77.2
13/05/2022,68060,247,130.41
13/05/2022,62020,251,735.75
13/05/2022,66010,196,105.98
13/05/2022,62030,211,195.23
13/05/2022,64020,284,1.33
13/05/2022,64010,185,92.67
14/05/2022,65600,222,234.76
14/05/2022,72110,257,"2,649.02"
14/05/2022,66020,250,485.09
14/05/2022,65600,195,215.2
14/05/2022,68060,220,97.81
14/05/2022,62520,224,244.77
14/05/2022,65740,214,306.5
14/05/2022,65710,294,559.34
14/05/2022,66050,172,20.09
14/05/2022,66080,237,10
14/05/2022,82010,235,167.61
14/05/2022,66100,165,4.96
14/05/2022,64020,198,1.93
14/05/2022,61570,284,212.39
14/05/2022,86100,202,7.8
14/05/2022,61540,221,42.6
14/05/2022,61530,185,32.17
14/05/2022,62520,298,166.89
14/05/2022,62550,256,39.09
14/05/2022,86280,263,49.42
14/05/2022,66100,185,5.41
14/05/2022,68060,297,97.81
14/05/2022,65600,185,256.77
14/05/2022,85510,284,603.24
14/05/2022,66110,161,0.35
14/05/2022,66530,185,8.8
14/05/2022,73010,195,150.53
14/05/2022,66530,220,7.2
14/05/2022,66040,207,66.46
14/05/2022,66120,196,2.22
14/05/2022,81230,194,175.49
14/05/2022,66070,279,6.28
14/05/2022,62099,189,33.22
14/05/2022,62020,261,735.75
14/05/2022,65730,165,2.89
14/05/2022,81030,236,67.13
14/05/2022,73050,191,15.55
14/05/2022,81110,266,12.84
14/05/2022,66090,232,30.16
14/05/2022,66550,237,70.35
14/05/2022,61510,248,122.81
14/05/2022,86010,267,28.26
14/05/2022,61520,281,194.92
14/05/2022,65650,261,507.6
14/05/2022,65610,298,565.76
14/05/2022,66040,196,73.11
14/05/2022,86030,213,196.62
14/05/2022,66550,183,156.34
14/05/2022,64010,242,52.95
14/05/2022,71170,191,528.56
14/05/2022,86200,161,33.39
14/05/2022,81030,287,98.45
14/05/2022,65650,174,413.6
14/05/2022,73050,230,68.32
14/05/2022,62560,152,9.84
14/05/2022,62020,244,"1,287.56"
14/05/2022,86180,256,14.03
14/05/2022,65730,181,11.14
14/05/2022,64010,179,69.5
14/05/2022,65660,209,114.05
14/05/2022,81900,225,303.21
14/05/2022,66550,271,93.8
14/05/2022,65740,254,353.66
14/05/2022,81090,172,"1,154.48"
14/05/2022,73040,168,29.16
14/05/2022,68060,238,107.59
14/05/2022,62099,229,30.2
14/05/2022,65650,235,661.76
14/05/2022,65540,224,466.38
14/05/2022,61550,283,312.77
14/05/2022,66530,239,8
14/05/2022,65540,234,380.45
14/05/2022,65690,284,42.94
14/05/2022,62010,270,947.32
14/05/2022,66510,214,75.09
14/05/2022,83020,277,63.72
14/05/2022,86090,215,90.86
14/05/2022,65620,235,135.51
14/05/2022,66040,244,62.31
14/05/2022,83010,152,114.34
14/05/2022,66520,204,21.39
14/05/2022,62030,217,173.53
14/05/2022,82050,170,2.93
14/05/2022,65700,177,613.26
14/05/2022,71310,196,"3,839.36"
14/05/2022,71170,207,646.02
14/05/2022,81200,276,95.88
14/05/2022,61550,249,231.25
14/05/2022,66530,279,8.07
14/05/2022,65600,228,146.73
14/05/2022,66020,174,467.13
14/05/2022,65660,171,154.1
14/05/2022,61570,232,121.37
14/05/2022,64000,206,181.83
14/05/2022,66510,206,79.54
14/05/2022,66030,267,3.64
14/05/2022,65760,294,3.84
14/05/2022,61550,178,289.06
14/05/2022,62530,168,112.11
14/05/2022,81070,208,69.58
14/05/2022,61520,159,155.94
14/05/2022,65740,175,282.93
14/05/2022,64000,297,215.5
14/05/2022,66090,277,49.9
14/05/2022,65690,172,63.42
14/05/2022,66120,237,1.37
14/05/2022,65550,283,576.28
14/05/2022,62010,258,"1,076.50"
14/05/2022,65760,250,6.15
14/05/2022,68060,280,67.25
14/05/2022,66550,175,64.49
14/05/2022,65740,244,594.15
14/05/2022,61560,175,74.08
14/05/2022,65520,201,39.01
14/05/2022,86010,297,13.45
14/05/2022,64020,277,1.22
14/05/2022,62010,205,484.43
14/05/2022,65590,203,105.24
14/05/2022,66520,242,21.78
14/05/2022,66130,270,53.8
14/05/2022,86180,252,4.53
14/05/2022,65750,283,334.12
14/05/2022,65710,276,538.63
14/05/2022,72100,280,592.05
14/05/2022,66020,249,323.4
14/05/2022,65660,213,138.69
14/05/2022,73010,277,125.14
14/05/2022,65610,151,269.41
14/05/2022,66120,251,1.27
14/05/2022,66550,278,164.15
14/05/2022,65700,248,348.87
14/05/2022,62510,277,473.01
14/05/2022,73050,273,14.13
14/05/2022,66030,187,5.29
14/05/2022,81030,244,89.5
14/05/2022,65600,266,195.64
14/05/2022,65750,217,637.86
14/05/2022,86180,268,18.71
14/05/2022,65650,190,423
14/05/2022,65600,244,195.64
14/05/2022,65610,297,323.29
14/05/2022,65550,262,576.28
14/05/2022,66120,291,1.52
14/05/2022,65590,153,42.4
14/05/2022,64000,262,121.22
14/05/2022,65550,152,648.31
14/05/2022,65650,285,496.32
14/05/2022,61540,152,34.36
14/05/2022,66080,267,2.97
14/05/2022,73010,293,68.13
14/05/2022,61550,220,252.27
14/05/2022,61560,188,105.06
14/05/2022,66080,220,6.5
14/05/2022,73010,282,104.28
14/05/2022,66510,285,115.23
14/05/2022,65710,226,652.57
14/05/2022,65570,163,5.54
14/05/2022,66080,258,6
14/05/2022,83020,196,57.93
14/05/2022,61560,290,98.78
14/05/2022,86040,240,425.17
14/05/2022,66120,150,2.48
14/05/2022,66070,222,7.53
14/05/2022,65690,283,51.53
14/05/2022,71020,169,"1,234.42"
14/05/2022,65610,265,598.69
14/05/2022,73010,280,338.52
14/05/2022,62030,164,143.16
14/05/2022,73050,249,75.15
14/05/2022,62510,270,430.01
14/05/2022,64010,227,39.71
14/05/2022,73030,254,500.49
14/05/2022,66010,278,59.62
14/05/2022,65690,163,57.26
14/05/2022,66090,157,25.06
14/05/2022,64010,192,37.62
14/05/2022,71325,248,489.88
14/05/2022,61530,243,51.47
14/05/2022,66050,288,24.35
14/05/2022,62010,266,861.2
14/05/2022,65690,247,49.55
14/05/2022,64020,160,2.58
14/05/2022,83010,279,125.78
14/05/2022,65610,207,471.47
14/05/2022,61560,158,121.23
14/05/2022,86180,166,27.93
14/05/2022,66510,155,60.07
14/05/2022,66550,297,129.32
14/05/2022,73020,180,35.76
14/05/2022,72090,294,906.57
14/05/2022,66040,266,34.27
14/05/2022,66520,288,23.76
14/05/2022,72010,246,"2,798.45"
14/05/2022,86450,213,12.02
14/05/2022,86010,202,23.55
14/05/2022,61570,185,113.78
15/05/2022,65520,187,33.02
15/05/2022,65740,280,449.54
15/05/2022,65540,172,244.58
15/05/2022,65740,247,367.8
15/05/2022,61560,195,118.53
15/05/2022,61540,228,38.34
15/05/2022,62030,182,173.53
15/05/2022,66550,159,93.8
15/05/2022,62010,220,651.28
15/05/2022,73020,288,39.23
15/05/2022,65600,258,233.13
15/05/2022,65610,151,478.95
15/05/2022,63050,209,8
15/05/2022,83010,203,85.76
15/05/2022,66130,199,59.59
15/05/2022,72060,236,"2,739.42"
15/05/2022,65700,217,469.63
15/05/2022,61560,292,101.02
15/05/2022,73010,272,43.5
15/05/2022,86010,211,12.11
15/05/2022,62510,152,272.89
15/05/2022,66080,247,5.63
15/05/2022,61510,254,84.21
15/05/2022,65740,196,495.12
15/05/2022,86270,260,124.68
15/05/2022,62530,221,48.05
15/05/2022,61550,194,262.79
15/05/2022,65610,286,359.22
15/05/2022,86130,150,284.52
15/05/2022,61510,285,52.63
15/05/2022,61550,154,210.23
15/05/2022,66130,279,54.63
15/05/2022,71030,224,275.14
15/05/2022,65690,228,52.85
15/05/2022,62550,244,58.8
15/05/2022,66130,275,65.18
15/05/2022,66030,229,3.7
15/05/2022,66050,209,35.71
15/05/2022,73020,182,189.58
15/05/2022,61550,154,173.44
15/05/2022,64000,181,133.34
15/05/2022,72100,276,538.23
15/05/2022,65710,291,546.91
15/05/2022,86200,296,81.33
15/05/2022,65540,152,176.64
15/05/2022,65750,181,404.99
15/05/2022,86030,197,216.28
15/05/2022,66030,285,4.93
15/05/2022,66070,210,9.06
15/05/2022,61530,292,43.25
15/05/2022,61570,234,191.15
15/05/2022,61520,248,155.94
15/05/2022,66020,234,565.94
15/05/2022,73020,160,167.02
16/05/2022,65730,164,1.97
16/05/2022,73020,258,129.26
16/05/2022,66080,181,8.25
16/05/2022,63050,276,6.3
16/05/2022,66030,297,4
16/05/2022,65700,271,491.99
16/05/2022,65710,278,447.47
16/05/2022,84020,181,103.27
16/05/2022,64010,180,49.64
16/05/2022,62030,270,254.52
16/05/2022,65650,201,868.56
16/05/2022,65700,223,357.81
16/05/2022,66070,182,5.75
16/05/2022,61540,165,27.69
16/05/2022,72010,187,"2,332.04"
16/05/2022,71240,177,543.29
16/05/2022,73040,288,24.3
16/05/2022,65740,285,689.51
16/05/2022,62560,270,20.2
16/05/2022,65710,293,497.19
16/05/2022,65520,161,18.58
16/05/2022,83030,170,166.15
16/05/2022,61550,257,144.53
16/05/2022,66040,190,59.4
16/05/2022,66530,171,12.6
16/05/2022,65590,171,43.19
16/05/2022,66070,160,14.64
16/05/2022,83020,282,43.44
16/05/2022,66100,216,6.99
16/05/2022,66110,225,0.65
16/05/2022,62550,234,44.1
16/05/2022,66010,277,47.69
16/05/2022,65750,150,329.06
16/05/2022,81270,212,159.56
16/05/2022,61540,257,34.08
16/05/2022,65650,193,366.6
16/05/2022,65730,257,2.5
16/05/2022,86200,173,67.77
16/05/2022,81100,256,171.23
16/05/2022,62560,294,16.26
16/05/2022,62530,288,70.12
16/05/2022,65750,218,914.31
16/05/2022,65550,213,199.64
16/05/2022,66030,271,3.28
16/05/2022,72130,161,"2,087.80"
16/05/2022,66050,165,29.02
16/05/2022,65750,152,438.74
16/05/2022,65660,152,154.1
16/05/2022,66100,222,5.63
16/05/2022,62520,225,323.51
16/05/2022,65690,211,43.6
16/05/2022,86200,251,35.12
16/05/2022,65550,223,691.53
16/05/2022,66530,210,11.74
17/05/2022,64010,275,63.1
17/05/2022,66070,191,16.11
17/05/2022,62020,261,882.9
17/05/2022,72020,211,"3,811.18"
17/05/2022,66120,215,1.58
17/05/2022,71050,229,360.81
17/05/2022,73020,213,32.56
17/05/2022,84030,179,265.5
17/05/2022,65710,213,447.47
17/05/2022,66530,214,8
17/05/2022,65550,178,686.73
17/05/2022,63050,150,7.04
17/05/2022,66100,215,3.72
17/05/2022,86010,167,87.39
17/05/2022,66100,261,7.1
17/05/2022,71550,297,498.22
17/05/2022,62010,236,645.9
17/05/2022,73050,185,39.73
17/05/2022,61530,175,32.17
17/05/2022,62099,294,19.93
17/05/2022,86450,207,10.82
17/05/2022,62020,181,984.84
17/05/2022,86130,193,193.99
17/05/2022,73050,227,8.4
17/05/2022,66520,256,26.73
17/05/2022,86290,153,101.88
17/05/2022,66040,284,46.73
17/05/2022,65550,257,561.87
17/05/2022,62530,201,123.32
17/05/2022,65660,279,105.95
17/05/2022,65620,173,289.84
17/05/2022,62530,173,88.09
17/05/2022,64000,282,162.97
17/05/2022,62560,226,14.43
17/05/2022,81230,267,146.24
17/05/2022,68060,189,105.96
17/05/2022,61540,265,46.86
17/05/2022,62510,275,322.51
17/05/2022,65550,266,396.19
17/05/2022,63050,211,5.28
17/05/2022,66550,256,172.43
17/05/2022,66080,167,7.88
17/05/2022,81320,189,16.05
17/05/2022,66070,192,11.16
17/05/2022,83020,247,80
17/05/2022,61570,292,121.37
17/05/2022,66080,255,5.85
17/05/2022,62010,232,581.31
17/05/2022,66110,237,0.34
17/05/2022,66090,187,27.14
17/05/2022,61570,237,166.88
17/05/2022,72999,269,275.56
17/05/2022,66090,213,40.83
17/05/2022,66530,164,9
18/05/2022,66130,295,37.25
18/05/2022,66510,280,97.89
18/05/2022,64020,277,1.2
18/05/2022,81900,279,363.85
18/05/2022,65660,228,141.26
18/05/2022,68060,230,122.26
18/05/2022,66010,261,43.72
18/05/2022,72050,291,129.97
18/05/2022,64000,156,222.23
18/05/2022,65590,164,51.83
18/05/2022,62030,296,208.24
18/05/2022,66070,263,10.46
18/05/2022,62560,189,10.58
18/05/2022,61550,196,157.67
18/05/2022,64020,218,2.16
18/05/2022,64010,276,51.63
18/05/2022,62520,285,359.46
18/05/2022,86010,203,234.36
18/05/2022,65730,241,2.63
18/05/2022,86200,194,30.36
18/05/2022,65750,219,278.43
18/05/2022,65520,236,11.52
18/05/2022,64000,257,161.62
18/05/2022,66090,159,43.85
18/05/2022,66520,277,31.68
18/05/2022,62010,236,710.49
18/05/2022,63050,282,4.5
18/05/2022,66130,151,66.22
18/05/2022,65520,219,27.24
18/05/2022,61560,179,158.05
18/05/2022,61510,203,52.63
18/05/2022,65660,283,115.58
18/05/2022,65650,150,451.2
18/05/2022,65690,195,90.99
18/05/2022,66100,294,3.38
18/05/2022,62099,190,21.74
18/05/2022,64010,195,59.57
18/05/2022,81090,268,787.14
18/05/2022,73050,210,11.2
18/05/2022,65700,269,402.54
18/05/2022,66110,287,0.5
18/05/2022,86350,157,124.85
18/05/2022,65550,267,907.63
18/05/2022,65710,162,870.09
18/05/2022,66130,160,48.42
18/05/2022,81350,275,10.37
18/05/2022,66080,240,8.8
18/05/2022,73030,174,395.7
18/05/2022,61510,282,68.42
18/05/2022,64000,168,111.12
18/05/2022,63050,154,4.68
18/05/2022,62530,294,57.66
18/05/2022,65610,226,493.92
18/05/2022,86050,292,118.2
19/05/2022,73040,227,35.64
19/05/2022,62550,276,55.13
19/05/2022,66550,298,111.78
19/05/2022,65730,267,2.2
19/05/2022,66520,293,37.42
19/05/2022,61560,273,128.65
19/05/2022,68060,268,73.36
19/05/2022,72020,175,"4,192.30"
19/05/2022,62020,272,689.76
19/05/2022,68060,172,88.03
19/05/2022,62530,187,70.47
19/05/2022,62550,214,40.09
19/05/2022,64010,169,50.16
19/05/2022,65650,230,620.4
19/05/2022,65550,169,633.9
19/05/2022,62560,225,7.21
19/05/2022,66520,281,28.51
19/05/2022,86330,208,337.26
19/05/2022,65700,205,524.79
19/05/2022,65620,226,135.51
19/05/2022,64000,268,193.95
19/05/2022,86100,263,3.07
19/05/2022,72150,184,"1,581.30"
19/05/2022,62560,183,7.87
19/05/2022,81170,236,35.61
19/05/2022,85510,158,493.56
19/05/2022,80990,177,"2,359.27"
19/05/2022,66080,256,9.45
19/05/2022,65700,286,322.03
19/05/2022,66120,155,1.16
19/05/2022,73020,277,39.74
19/05/2022,66050,290,26.38
19/05/2022,64020,224,1.96
19/05/2022,62560,246,11.8
19/05/2022,65550,211,468.22
19/05/2022,68060,165,163.02
19/05/2022,66550,192,147.74
19/05/2022,81220,184,84.4
19/05/2022,62560,288,9.44
19/05/2022,86180,222,31.03
19/05/2022,64020,273,2.03
19/05/2022,66020,241,474.31
19/05/2022,72090,273,"1,108.03"
19/05/2022,66080,233,2.23
19/05/2022,65650,167,439.92
19/05/2022,86140,274,1.2
19/05/2022,65620,182,179.42
19/05/2022,66010,186,57.23
19/05/2022,65730,278,1.63
19/05/2022,61530,246,47.18
19/05/2022,64000,236,246.42
19/05/2022,66090,170,20.88
19/05/2022,81350,241,9.43
19/05/2022,65550,163,540.26
20/05/2022,65740,244,377.24
20/05/2022,65760,234,5.64
20/05/2022,62560,173,11.37
20/05/2022,65620,182,263.49
20/05/2022,65660,180,192.63
20/05/2022,66080,229,7.15
20/05/2022,62510,166,327.47
20/05/2022,62530,183,52.85
20/05/2022,66050,286,38.35
20/05/2022,86040,195,472.41
20/05/2022,61570,266,121.37
20/05/2022,65690,290,92.49
20/05/2022,82070,224,130.18
20/05/2022,73020,271,26.64
20/05/2022,83030,168,243.69
20/05/2022,61530,156,75.05
20/05/2022,65520,187,34.06
20/05/2022,66020,172,420.41
20/05/2022,66100,274,5.91
20/05/2022,61520,285,142.94
20/05/2022,65710,207,828.66
20/05/2022,86010,284,224.86
20/05/2022,65730,264,1.03
20/05/2022,64010,178,39.71
20/05/2022,81150,165,14.79
20/05/2022,65760,254,4.19
20/05/2022,66550,235,87.94
20/05/2022,66510,210,91.78
20/05/2022,66130,172,37.25
20/05/2022,65700,205,335.45
20/05/2022,65730,295,1.13
20/05/2022,66020,256,388.07
20/05/2022,81090,247,"1,049.53"
20/05/2022,65730,265,1.69
20/05/2022,64000,225,145.46
20/05/2022,65600,298,197.27
20/05/2022,71160,231,193.95
20/05/2022,61520,264,116.95
20/05/2022,86350,164,104.04
20/05/2022,71240,220,444.51
20/05/2022,64020,276,1.49
20/05/2022,66030,151,3.36
20/05/2022,66070,172,13.95
20/05/2022,65700,296,327.99
20/05/2022,66030,151,3.36
20/05/2022,66510,211,65.08
20/05/2022,66080,202,4.5
20/05/2022,65570,218,4.43
20/05/2022,68060,282,134.49
20/05/2022,65620,162,150.57
20/05/2022,65540,201,271.75
20/05/2022,66120,214,1.69
20/05/2022,65520,275,32.51
20/05/2022,66030,151,2.73
21/05/2022,66020,239,574.92
21/05/2022,68060,228,98.63
21/05/2022,66030,155,3.36
21/05/2022,62560,251,10.23
21/05/2022,62550,190,36.08
21/05/2022,65710,276,372.9
21/05/2022,84020,176,247.59
21/05/2022,72130,165,"3,062.11"
21/05/2022,86010,162,58.15
21/05/2022,66070,265,13.18
21/05/2022,86180,257,20.58
21/05/2022,62530,261,64.06
21/05/2022,65620,293,220.83
21/05/2022,83070,179,155.33
21/05/2022,61530,249,51.11
21/05/2022,65660,200,166.95
21/05/2022,66510,268,66.74
21/05/2022,68060,239,93.58
21/05/2022,62030,287,173.53
21/05/2022,65730,189,1.5
21/05/2022,66550,225,77.39
21/05/2022,61520,160,224.8
21/05/2022,65540,278,239.14
21/05/2022,61510,157,116.96
21/05/2022,62030,233,156.18
21/05/2022,66010,222,62
21/05/2022,62510,161,396.93
21/05/2022,68060,169,188.29
21/05/2022,62530,218,64.6
21/05/2022,65700,266,357.81
21/05/2022,62520,159,184.87
21/05/2022,63050,261,4.8
21/05/2022,66100,233,4.51
21/05/2022,61550,279,250.52
21/05/2022,65690,214,47.57
21/05/2022,65690,220,52.85
21/05/2022,65570,175,4.92
21/05/2022,66550,233,117.25
21/05/2022,61540,290,31.24
21/05/2022,61550,250,236.51
21/05/2022,86040,189,354.31
21/05/2022,81260,227,217.91
21/05/2022,64000,240,161.62
21/05/2022,65660,246,202.26
21/05/2022,66110,150,0.37
21/05/2022,62030,151,119.3
21/05/2022,62510,203,446.55
21/05/2022,73030,234,625.78
21/05/2022,65590,152,47.11
21/05/2022,62099,168,24.16
21/05/2022,68060,178,95.37
21/05/2022,65660,152,138.69
21/05/2022,66040,153,65.43
21/05/2022,68050,298,0.05
21/05/2022,63050,282,3.6
21/05/2022,81280,164,17.84
21/05/2022,72010,292,"3,420.32"
21/05/2022,73030,288,49.26
21/05/2022,81900,168,444.71
21/05/2022,71325,269,544.31
21/05/2022,62560,159,13.11
21/05/2022,73020,255,125.27
21/05/2022,66100,180,3.66
21/05/2022,62520,287,282.43
21/05/2022,86020,160,6.86
21/05/2022,71070,221,13.21
21/05/2022,66510,209,80.09
21/05/2022,66040,186,54.83
21/05/2022,65540,288,149.46
21/05/2022,64000,244,131.32
21/05/2022,65760,192,5.59
21/05/2022,65730,171,2.36
21/05/2022,81210,298,610.35
21/05/2022,61550,297,367.9
21/05/2022,65740,232,408.67
21/05/2022,66110,180,0.51
21/05/2022,82070,277,156.21
21/05/2022,65700,217,393.59
21/05/2022,62520,182,187.42
21/05/2022,62550,216,70.16
21/05/2022,61530,247,75.16
21/05/2022,86270,215,102.01
21/05/2022,65610,255,428.07
21/05/2022,65730,193,1.46
21/05/2022,66520,156,34.85
21/05/2022,73030,182,439.67
21/05/2022,63050,199,12.25
21/05/2022,62520,154,395.41
21/05/2022,81260,295,178.29
21/05/2022,65710,232,341.82
21/05/2022,66020,242,718.66
21/05/2022,61560,163,143.68
21/05/2022,73050,151,11.07
21/05/2022,62010,184,592.08
21/05/2022,62520,189,222.52
21/05/2022,61540,171,18.19
21/05/2022,64000,242,328.55
21/05/2022,73040,197,244.2
21/05/2022,61540,258,59.63
21/05/2022,72100,192,403.67
21/05/2022,68060,153,154.05
21/05/2022,73040,255,110.88
21/05/2022,62550,217,45.1
21/05/2022,66550,275,94.58
21/05/2022,86010,194,47.58
21/05/2022,64010,189,70.6
21/05/2022,66080,200,4.5
21/05/2022,63050,293,6
21/05/2022,66110,173,0.49
21/05/2022,66130,236,44.7
21/05/2022,65620,193,163.11
21/05/2022,71180,213,449.36
21/05/2022,65590,173,62.82
21/05/2022,66080,290,5.4
21/05/2022,61510,254,65.79
21/05/2022,63050,173,8.4
21/05/2022,82100,211,47.82
21/05/2022,71010,229,"2,243.52"
21/05/2022,66030,180,3.15
21/05/2022,65540,155,195.66
21/05/2022,62560,274,10.49
21/05/2022,62010,298,699.73
21/05/2022,65700,230,357.81
21/05/2022,71325,154,598.74
21/05/2022,65660,262,154.1
21/05/2022,83020,282,88
21/05/2022,66010,262,87.44
21/05/2022,65700,180,447.26
21/05/2022,65540,295,239.14
21/05/2022,65690,245,77.52
21/05/2022,66010,202,57.23
21/05/2022,64000,169,269.37
21/05/2022,66010,279,63.59
21/05/2022,71060,265,44.02
21/05/2022,73030,268,550.54
21/05/2022,65730,296,1.24
21/05/2022,61520,215,259.9
21/05/2022,65700,285,360.79
21/05/2022,81180,283,19.76
21/05/2022,66070,265,8.37
21/05/2022,81250,186,16.07
21/05/2022,62540,231,31.09
21/05/2022,65610,202,369.85
21/05/2022,66090,244,33.18
21/05/2022,64010,293,101.93
21/05/2022,65620,240,165.62
21/05/2022,86090,173,61.95
21/05/2022,86100,207,2.79
21/05/2022,62530,278,60.06
21/05/2022,65620,244,150.57
21/05/2022,65730,191,1.13
21/05/2022,65590,228,51.04
21/05/2022,65660,226,184.92
21/05/2022,86100,257,8.58
21/05/2022,64010,254,47.66
21/05/2022,65620,266,150.57
21/05/2022,82050,245,4.29
21/05/2022,66520,267,23.17
21/05/2022,65610,282,291.86
21/05/2022,61570,150,151.71
21/05/2022,61530,190,29.49
21/05/2022,66130,181,68.29
21/05/2022,65520,176,20.12
21/05/2022,61530,247,40.21
21/05/2022,73040,245,126.9
21/05/2022,68060,297,171.17
21/05/2022,66120,217,1.9
21/05/2022,86310,171,248.3
21/05/2022,66510,163,105.12
21/05/2022,73010,264,68.06
21/05/2022,62510,206,625.17
21/05/2022,61570,239,164.38
21/05/2022,84030,212,324.5
21/05/2022,83050,279,227.57
21/05/2022,86330,214,449.68
21/05/2022,62020,199,876.77
21/05/2022,73030,283,329.75
21/05/2022,86360,174,15
21/05/2022,73010,208,139.04
21/05/2022,61570,179,118.33
21/05/2022,61560,172,80.82
21/05/2022,66130,181,54.63
21/05/2022,65550,189,792.38
21/05/2022,86050,193,98.5
21/05/2022,62020,180,809.33
21/05/2022,65760,160,4.61
21/05/2022,66550,250,105.53
21/05/2022,66010,261,84.79
21/05/2022,86010,150,14.8
21/05/2022,72120,264,"1,965.72"
21/05/2022,66100,174,5.07
21/05/2022,63050,162,4.8
21/05/2022,65590,195,56.54
21/05/2022,61510,262,70.18
21/05/2022,66510,293,86.42
21/05/2022,72110,197,"2,408.20"
22/05/2022,66520,220,16.34
22/05/2022,62560,202,12.59
22/05/2022,66020,205,404.24
22/05/2022,73040,156,222
22/05/2022,81150,176,11.09
22/05/2022,65620,229,237.14
22/05/2022,81100,200,155.66
22/05/2022,66120,199,1.83
22/05/2022,65590,196,74.21
22/05/2022,65520,172,47.68
22/05/2022,61570,209,161.82
22/05/2022,66030,207,2.77
22/05/2022,66110,171,0.55
22/05/2022,65610,209,389.15
22/05/2022,65740,178,518.7
22/05/2022,66090,170,25.06
22/05/2022,65750,263,404.99
22/05/2022,72020,215,"2,858.38"
22/05/2022,71200,153,115.24
22/05/2022,81210,212,457.77
22/05/2022,66010,275,64.12
22/05/2022,73050,182,11.81
22/05/2022,66120,231,1.55
22/05/2022,65690,193,83.24
22/05/2022,86020,251,7.63
22/05/2022,86100,218,2.09
22/05/2022,62520,207,169.46
22/05/2022,63050,199,7.56
22/05/2022,66070,203,6.8
22/05/2022,65650,266,451.2
22/05/2022,62530,233,100.9
22/05/2022,66030,177,2.52
22/05/2022,72160,254,"1,156.46"
22/05/2022,66040,287,78.51
22/05/2022,65520,283,30.96
22/05/2022,65690,291,53.29
22/05/2022,65590,172,35.34
22/05/2022,86200,246,42.92
22/05/2022,65520,282,24.77
22/05/2022,62020,232,981
22/05/2022,66090,251,20.88
22/05/2022,66010,190,75.78
22/05/2022,61560,196,169.72
22/05/2022,64000,193,161.62
22/05/2022,65710,270,466.12
22/05/2022,65760,285,6.06
22/05/2022,61510,159,76.03
22/05/2022,65730,150,1.5
22/05/2022,72120,253,"2,620.96"
22/05/2022,64010,220,53.39
22/05/2022,62020,160,809.33
22/05/2022,65600,271,308.13
22/05/2022,62020,221,741.88
22/05/2022,61520,183,152.04
23/05/2022,65740,273,345.8
23/05/2022,86290,190,122.25
23/05/2022,61550,286,350.38
23/05/2022,61520,198,116.95
23/05/2022,66110,186,0.37
23/05/2022,81180,245,17.97
23/05/2022,66530,238,8.8
23/05/2022,66070,168,7.85
23/05/2022,66120,269,2.66
23/05/2022,61530,263,47.18
23/05/2022,65760,267,5.59
23/05/2022,65760,206,6.15
23/05/2022,66110,205,0.33
23/05/2022,61560,152,108.66
23/05/2022,66130,286,72.84
23/05/2022,62520,287,231.08
23/05/2022,72020,151,"3,430.06"
23/05/2022,81070,175,56.93
23/05/2022,61570,209,123.29
23/05/2022,65660,228,144.47
23/05/2022,61570,272,159.3
23/05/2022,65730,201,1.41
23/05/2022,66520,176,29.7
23/05/2022,63050,292,4.32
23/05/2022,66550,209,84.42
23/05/2022,64020,178,2.46
23/05/2022,66530,159,6.6
23/05/2022,81220,242,70.33
23/05/2022,65620,248,200.75
23/05/2022,61560,157,148.17
23/05/2022,66020,177,679.13
23/05/2022,61570,210,100.13
23/05/2022,68060,193,70.19
23/05/2022,81220,196,103.16
23/05/2022,65650,206,338.4
23/05/2022,66120,204,1.27
23/05/2022,66010,224,68.89
23/05/2022,81030,187,80.55
23/05/2022,81050,276,443.28
23/05/2022,65740,277,502.98
23/05/2022,62550,293,40.09
23/05/2022,65690,262,52.85
23/05/2022,66120,263,3.25
23/05/2022,66010,203,79.49
23/05/2022,73030,249,44.78
23/05/2022,66100,184,7.51
23/05/2022,66080,252,4.88
23/05/2022,61540,194,30.67
23/05/2022,61530,193,82.56
23/05/2022,68060,199,117.37
23/05/2022,73050,262,10.6
23/05/2022,62520,235,205.41
23/05/2022,62530,248,52.05
23/05/2022,64000,239,192.6
24/05/2022,65740,188,919.34
24/05/2022,66030,166,5.6
24/05/2022,62560,181,7.87
24/05/2022,61510,226,63.16
24/05/2022,81320,250,14.45
24/05/2022,65760,189,7.69
24/05/2022,66050,246,32.46
24/05/2022,81280,170,14.59
24/05/2022,66120,292,2.11
24/05/2022,62520,255,225.95
24/05/2022,73030,176,40.3
24/05/2022,83020,207,206.98
24/05/2022,66510,187,62.57
24/05/2022,66550,177,70.35
24/05/2022,65610,264,449.02
24/05/2022,61520,297,272.89
24/05/2022,66530,204,7.8
24/05/2022,66110,291,0.72
24/05/2022,65620,272,197.62
24/05/2022,61570,297,91.03
24/05/2022,61520,209,171.53
24/05/2022,72130,213,"2,783.73"
24/05/2022,62030,263,169.2
24/05/2022,65700,243,688.79
24/05/2022,66040,255,95.96
24/05/2022,65700,268,596.35
24/05/2022,86100,249,5.85
24/05/2022,62550,157,43.43
24/05/2022,64020,199,1.11
24/05/2022,86140,181,1.76
24/05/2022,65700,205,246
24/05/2022,65570,283,5.86
24/05/2022,65710,172,621.49
24/05/2022,61570,185,91.03
24/05/2022,86200,276,90.37
24/05/2022,61540,233,44.73
24/05/2022,86010,161,10.09
24/05/2022,65620,291,124.22
24/05/2022,64000,298,254.56
24/05/2022,65700,237,426.39
24/05/2022,66030,191,4.2
24/05/2022,61570,283,122.38
24/05/2022,73020,213,93.36
24/05/2022,81250,251,23.57
24/05/2022,65690,155,62.98
24/05/2022,66070,191,10.04
24/05/2022,86100,289,44.16
24/05/2022,66550,262,76.21
24/05/2022,66040,237,40.5
24/05/2022,61540,197,37.48
24/05/2022,66010,231,51.67
24/05/2022,66040,178,37.39
24/05/2022,82010,197,245.83
24/05/2022,72050,201,88.61
25/05/2022,62520,282,140.57
25/05/2022,66120,211,3.42
25/05/2022,65710,251,484.76
25/05/2022,66530,201,7.2
25/05/2022,65600,206,195.64
25/05/2022,66030,241,4.48
25/05/2022,65520,223,27.24
25/05/2022,73010,295,75.7
25/05/2022,61520,257,140.34
25/05/2022,66010,226,76.31
25/05/2022,72050,280,106.34
25/05/2022,62010,222,524.79
25/05/2022,64000,267,177.78
25/05/2022,66090,291,37.12
25/05/2022,65760,289,6.29
25/05/2022,65540,181,211.97
25/05/2022,65650,172,752
25/05/2022,62550,249,37.59
25/05/2022,61530,217,34.85
25/05/2022,71200,193,96.03
25/05/2022,73010,264,274.34
25/05/2022,68060,226,91.7
25/05/2022,66100,232,4.51
25/05/2022,85010,211,99.31
25/05/2022,62550,181,48.11
25/05/2022,65660,258,205.47
25/05/2022,86290,184,135.83
25/05/2022,66120,151,1.52
25/05/2022,82070,265,190.92
25/05/2022,62560,295,10.49
25/05/2022,65600,188,342.36
25/05/2022,73030,208,917.82
25/05/2022,66010,191,83.46
25/05/2022,65520,208,29.52
25/05/2022,66020,242,296.45
25/05/2022,61540,166,49.98
25/05/2022,62520,152,256.76
25/05/2022,62099,182,28.99
25/05/2022,66090,206,27.84
25/05/2022,72060,152,"2,054.56"
25/05/2022,61510,189,70.18
25/05/2022,61530,285,62.9
25/05/2022,71030,280,229.28
25/05/2022,86100,156,112.94
25/05/2022,66510,265,61.18
25/05/2022,61560,229,107.76
25/05/2022,66520,278,53.82
25/05/2022,62560,197,12.19
25/05/2022,86310,245,223.47
25/05/2022,66020,291,830.05
25/05/2022,66530,226,7.34
25/05/2022,65550,237,518.65
25/05/2022,80990,220,"2,883.55"
25/05/2022,61570,227,202.28
26/05/2022,73010,184,55.69
26/05/2022,81210,190,671.39
26/05/2022,73050,256,10.08
26/05/2022,71190,160,97.45
26/05/2022,63050,173,5.2
26/05/2022,62520,282,200.27
26/05/2022,86330,282,404.71
26/05/2022,62030,197,216.92
26/05/2022,66100,155,4.06
26/05/2022,66130,229,82.77
26/05/2022,61540,183,33.22
26/05/2022,81250,197,21.43
26/05/2022,66100,289,4.96
26/05/2022,61530,253,35.38
26/05/2022,61560,229,118.53
26/05/2022,65760,219,6.99
26/05/2022,72999,240,336.8
26/05/2022,61530,247,42.89
26/05/2022,86090,183,74.34
26/05/2022,66110,268,0.37
26/05/2022,66080,175,5.4
26/05/2022,62020,190,"1,313.11"
26/05/2022,73050,225,71.9
26/05/2022,81320,236,17.66
26/05/2022,61510,210,57.02
26/05/2022,65650,204,454.96
26/05/2022,66050,245,23.74
26/05/2022,65540,183,195.66
26/05/2022,65590,189,64.78
26/05/2022,81190,291,73.09
26/05/2022,66130,181,55.87
26/05/2022,71310,152,"4,692.55"
26/05/2022,68060,175,97.81
26/05/2022,81050,168,650.14
26/05/2022,62030,161,159.07
26/05/2022,65710,237,372.9
26/05/2022,65570,242,4.92
26/05/2022,61520,247,185.83
26/05/2022,62020,266,965.67
26/05/2022,65570,260,4.61
26/05/2022,66130,246,46.56
26/05/2022,86010,285,116.52
26/05/2022,66530,240,5.5
26/05/2022,65700,262,626.17
26/05/2022,66100,232,3.1
26/05/2022,62010,170,807.38
26/05/2022,86030,221,176.96
26/05/2022,62510,236,297.7
26/05/2022,62510,256,322.78
26/05/2022,83020,286,303.57
26/05/2022,66100,211,6.2
26/05/2022,61520,221,128.65
26/05/2022,71160,232,215.5
26/05/2022,62530,213,44.04
27/05/2022,65740,195,414.96
27/05/2022,61530,241,42.89
27/05/2022,65620,221,180.68
27/05/2022,81210,169,549.32
27/05/2022,61560,214,179.6
27/05/2022,61570,161,131.48
27/05/2022,61520,278,171.53
27/05/2022,65650,202,310.2
27/05/2022,65590,229,45.94
27/05/2022,66020,248,517.43
27/05/2022,65650,288,537.68
27/05/2022,81070,227,47.44
27/05/2022,86010,242,343.73
27/05/2022,86200,296,29.27
27/05/2022,66550,186,84.42
27/05/2022,73050,158,14.76
27/05/2022,86010,201,128.17
27/05/2022,65710,197,501.34
27/05/2022,65600,180,215.2
27/05/2022,66030,174,5.88
27/05/2022,83070,189,129.44
27/05/2022,61540,270,28.11
27/05/2022,61530,257,42.89
27/05/2022,86170,209,22
27/05/2022,65690,259,66.07
27/05/2022,72140,156,633.84
27/05/2022,65660,212,211.89
27/05/2022,65750,229,708.74
27/05/2022,66090,232,22.62
27/05/2022,64000,265,177.78
27/05/2022,66130,190,78.22
27/05/2022,65610,252,431.06
27/05/2022,81350,156,8.49
27/05/2022,65570,163,4.92
27/05/2022,66550,194,180.57
27/05/2022,66520,295,22.28
27/05/2022,62099,235,35.44
27/05/2022,86200,203,39.02
27/05/2022,86010,202,34.54
27/05/2022,73010,294,58
27/05/2022,86100,204,7.02
27/05/2022,65610,260,336.77
27/05/2022,65730,213,2.06
27/05/2022,66050,197,19.78
27/05/2022,65760,244,10.38
27/05/2022,65740,221,553.28
27/05/2022,68060,264,116.56
27/05/2022,62510,204,764.09
27/05/2022,65570,177,4.8
27/05/2022,65570,223,3.38
27/05/2022,81900,221,404.28
27/05/2022,81190,237,54.82
27/05/2022,61540,179,45.44
27/05/2022,64000,277,151.52
28/05/2022,71160,274,161.62
28/05/2022,65550,252,"1,109.33"
28/05/2022,81270,275,191.48
28/05/2022,73040,277,100.8
28/05/2022,72040,179,879.46
28/05/2022,66520,161,41.58
28/05/2022,62010,277,645.9
28/05/2022,72060,297,"3,013.36"
28/05/2022,64010,247,88.25
28/05/2022,81050,268,591.04
28/05/2022,66050,180,40.58
28/05/2022,65600,168,220.09
28/05/2022,62020,222,606.99
28/05/2022,65760,202,7.45
28/05/2022,73020,283,70.02
28/05/2022,66050,269,22.32
28/05/2022,86170,215,15
28/05/2022,66080,211,4.95
28/05/2022,62510,152,476.32
28/05/2022,63050,277,16.34
28/05/2022,65620,287,112.92
28/05/2022,61540,164,30.67
28/05/2022,73020,289,31.5
28/05/2022,66530,271,13.34
28/05/2022,66090,176,26.1
28/05/2022,68060,166,80.69
28/05/2022,66080,235,6.6
28/05/2022,61570,203,109.23
28/05/2022,66110,186,0.36
28/05/2022,65610,293,691.49
28/05/2022,65740,222,414.96
28/05/2022,81280,202,16.21
28/05/2022,66120,272,1.39
28/05/2022,61550,289,210.23
28/05/2022,66520,240,32.67
28/05/2022,62030,249,156.18
28/05/2022,66100,273,5.24
28/05/2022,65740,218,311.22
28/05/2022,73020,176,23.63
28/05/2022,64000,229,202.03
28/05/2022,65570,228,4.51
28/05/2022,65700,156,393.59
28/05/2022,64010,267,43.69
28/05/2022,65540,259,163.05
28/05/2022,65710,194,546.91
28/05/2022,73020,219,32.1
28/05/2022,65570,288,24.06
28/05/2022,66100,225,4.39
28/05/2022,62520,181,269.6
28/05/2022,61510,253,102.93
28/05/2022,81090,229,944.57
28/05/2022,65760,170,5.45
28/05/2022,66100,168,8.67
28/05/2022,66040,225,49.85
28/05/2022,65730,296,1.88
28/05/2022,63050,265,4.8
28/05/2022,73020,189,29.6
28/05/2022,61510,194,70.76
28/05/2022,62520,229,273.87
28/05/2022,66080,168,6.6
28/05/2022,66530,177,10
28/05/2022,65650,273,451.2
28/05/2022,61570,190,133.5
28/05/2022,73030,151,750.94
28/05/2022,73050,270,64.71
28/05/2022,65650,157,601.6
28/05/2022,66040,231,68.54
28/05/2022,65590,234,42.4
28/05/2022,66510,183,60.07
28/05/2022,86350,239,138.72
28/05/2022,72110,262,"1,806.15"
28/05/2022,66520,290,17.82
28/05/2022,66110,247,0.61
28/05/2022,71180,153,494.29
28/05/2022,61560,227,80.82
28/05/2022,66040,263,50.26
28/05/2022,65520,267,24.77
28/05/2022,86180,239,3.7
28/05/2022,86010,273,187.39
28/05/2022,66090,240,36.54
28/05/2022,66530,185,14
28/05/2022,62510,152,387.01
28/05/2022,62030,297,190.89
28/05/2022,61540,289,25.56
28/05/2022,61560,247,116.74
28/05/2022,62099,246,28.79
28/05/2022,61530,262,100.21
28/05/2022,62099,273,18.12
28/05/2022,61560,297,96.49
28/05/2022,62560,250,17.49
28/05/2022,65600,160,179.33
28/05/2022,62530,199,93.49
28/05/2022,65750,226,404.99
28/05/2022,86200,202,27.32
28/05/2022,64000,280,121.22
28/05/2022,86170,223,20
28/05/2022,64010,251,83.4
28/05/2022,86270,200,85.01
28/05/2022,65590,238,78.53
28/05/2022,65550,263,845.2
28/05/2022,61540,247,65.6
28/05/2022,66510,177,111.24
28/05/2022,65740,180,377.24
28/05/2022,66530,157,15.4
28/05/2022,65660,157,152.06
28/05/2022,66530,270,10.5
28/05/2022,65600,273,376.6
28/05/2022,61530,173,67.55
28/05/2022,66070,177,9.97
28/05/2022,65750,234,445.49
28/05/2022,65570,239,4.06
28/05/2022,73020,161,26.75
28/05/2022,66090,282,31.32
28/05/2022,66130,193,44.7
28/05/2022,71299,215,25.1
28/05/2022,61530,273,48.25
28/05/2022,86040,232,519.66
28/05/2022,65540,261,621.84
28/05/2022,65650,265,789.6
28/05/2022,61560,180,207.44
28/05/2022,62099,247,22.65
28/05/2022,73040,287,199.8
28/05/2022,66510,218,128.48
28/05/2022,61520,231,107.21
28/05/2022,64000,153,311.12
28/05/2022,64010,158,36.41
28/05/2022,66090,194,34.8
28/05/2022,62510,171,582.16
28/05/2022,86050,202,144.46
28/05/2022,62560,168,13.99
28/05/2022,65760,295,5.03
28/05/2022,62030,276,289.22
28/05/2022,61520,152,155.94
28/05/2022,66110,293,0.59
28/05/2022,86290,292,115.92
28/05/2022,65710,188,783.08
28/05/2022,65700,288,268.36
28/05/2022,66040,230,45.69
28/05/2022,66110,156,0.41
28/05/2022,66050,176,33.48
28/05/2022,65540,159,219.21
28/05/2022,71010,174,"1,529.67"
28/05/2022,65550,253,720.34
28/05/2022,86040,210,300.95
28/05/2022,64020,150,1.44
28/05/2022,66110,279,0.28
28/05/2022,65730,177,1.65
28/05/2022,66130,158,86.91
28/05/2022,65570,296,4.43
28/05/2022,66100,270,6.61
28/05/2022,65650,288,710.64
28/05/2022,62530,202,106.77
28/05/2022,65660,151,269.68
28/05/2022,86050,233,101.79
28/05/2022,66010,269,122.41
28/05/2022,81110,154,9.63
28/05/2022,65590,185,47.11
28/05/2022,66530,292,9.6
28/05/2022,66080,172,11.55
28/05/2022,66510,249,54.23
28/05/2022,65740,282,471.54
28/05/2022,66040,154,54.83
28/05/2022,61560,231,134.7
28/05/2022,72160,267,"1,284.95"
28/05/2022,62530,260,62.46
28/05/2022,81200,225,79.9
28/05/2022,86100,219,2.51
28/05/2022,85010,268,74.48
28/05/2022,82100,245,43.04
28/05/2022,86040,172,334.39
28/05/2022,82040,259,82.63
28/05/2022,65520,223,20.43
28/05/2022,66530,206,6
28/05/2022,83020,212,72
28/05/2022,62099,150,19.63
28/05/2022,65540,175,199.28
28/05/2022,73050,285,15.75
28/05/2022,62099,245,41.42
28/05/2022,84020,166,225.08
28/05/2022,62550,247,53.46
28/05/2022,82060,203,841.11
28/05/2022,83010,160,102.91
28/05/2022,71010,200,"1,835.61"
28/05/2022,65760,264,7.34
28/05/2022,66100,271,7.88
28/05/2022,61520,201,214.41
28/05/2022,62520,297,141.22
28/05/2022,73020,156,150.32
28/05/2022,65710,241,729.22
28/05/2022,66020,194,434.79
28/05/2022,66050,229,42.61
28/05/2022,62510,279,529.24
28/05/2022,62550,249,47.78
28/05/2022,65740,267,282.93
28/05/2022,86100,179,150.59
28/05/2022,81170,295,29.13
29/05/2022,65600,209,190.75
29/05/2022,62030,271,334.05
29/05/2022,73050,219,32.5
29/05/2022,85010,198,89.38
29/05/2022,62099,234,31.71
29/05/2022,62099,173,16.61
29/05/2022,66110,276,0.37
29/05/2022,65740,193,424.39
29/05/2022,65540,182,179.36
29/05/2022,65570,296,5.41
29/05/2022,62560,219,11.54
29/05/2022,73050,196,17.33
29/05/2022,62010,284,484.43
29/05/2022,83070,212,172.59
29/05/2022,63050,277,3.96
29/05/2022,81200,151,117.19
29/05/2022,66020,159,754.59
29/05/2022,81260,263,148.58
29/05/2022,86150,157,61.25
29/05/2022,65750,219,779.61
29/05/2022,66530,278,8
29/05/2022,61540,205,31.95
29/05/2022,86020,224,8.39
29/05/2022,65600,289,326.06
29/05/2022,73050,165,12.32
29/05/2022,61530,194,41.82
29/05/2022,61520,281,300.18
29/05/2022,62510,218,436.62
29/05/2022,64010,258,77.66
29/05/2022,63050,263,4.32
29/05/2022,65620,252,138.02
29/05/2022,65690,259,58.14
29/05/2022,72070,246,"2,475.01"
29/05/2022,66550,167,101.62
29/05/2022,66010,208,71.54
29/05/2022,62030,269,190.89
29/05/2022,66030,170,3.39
29/05/2022,73030,295,135.04
29/05/2022,64010,226,48.54
29/05/2022,61570,163,109.23
29/05/2022,62530,223,48.05
29/05/2022,65650,204,406.08
29/05/2022,62099,212,42.28
29/05/2022,68060,245,79.47
29/05/2022,65540,157,285.34
29/05/2022,62560,192,8.65
29/05/2022,71550,248,608.94
29/05/2022,64020,233,1.47
29/05/2022,86350,225,152.6
29/05/2022,65750,240,394.87
29/05/2022,66120,265,2.01
29/05/2022,65570,237,18.04
29/05/2022,66550,292,137.57
29/05/2022,64010,226,57.36
30/05/2022,65660,187,169.51
30/05/2022,61510,164,78.95
30/05/2022,81320,296,12.04
30/05/2022,66520,209,21.39
30/05/2022,61560,186,96.98
30/05/2022,66090,275,30.62
30/05/2022,65700,226,459.94
30/05/2022,66130,237,45.52
30/05/2022,66520,249,23.76
30/05/2022,66120,170,2.25
30/05/2022,66020,248,350.34
30/05/2022,66550,181,103.18
30/05/2022,65710,277,410.19
30/05/2022,71190,152,129.94
30/05/2022,83020,250,60
30/05/2022,71560,153,88
30/05/2022,66070,236,8.37
30/05/2022,61570,268,111.25
30/05/2022,65620,199,141.16
30/05/2022,65590,154,69.1
30/05/2022,61520,195,204.67
30/05/2022,65600,230,183.41
30/05/2022,66120,200,2.95
30/05/2022,61530,194,58.97
30/05/2022,86050,288,66.87
30/05/2022,65600,297,176.07
30/05/2022,65550,293,768.37
30/05/2022,66550,218,128.98
30/05/2022,73010,196,307.74
30/05/2022,65520,201,24.15
30/05/2022,72070,170,"2,970.01"
30/05/2022,86100,200,64.77
30/05/2022,62520,286,184.87
30/05/2022,62510,209,297.7
30/05/2022,73040,217,75.6
30/05/2022,71310,152,"3,199.47"
30/05/2022,66130,215,59.18
30/05/2022,82100,239,35.86
30/05/2022,62010,266,"1,243.36"
30/05/2022,73010,263,180.63
30/05/2022,81200,245,106.53
30/05/2022,86100,177,58.88
30/05/2022,73010,175,276.97
30/05/2022,65600,210,134.5
30/05/2022,65710,169,662.93
30/05/2022,71299,191,30.67
30/05/2022,71020,201,"1,357.87"
30/05/2022,65590,155,82.45
30/05/2022,66090,281,25.52
30/05/2022,72999,165,306.18
30/05/2022,65610,196,362.21
30/05/2022,62030,240,141.33
30/05/2022,62520,254,154.05
30/05/2022,66030,167,3.02
31/05/2022,62099,167,24.16
31/05/2022,61510,153,83.63
31/05/2022,71030,258,305.71
31/05/2022,66100,172,6.01
31/05/2022,66100,154,4.22
31/05/2022,68060,255,128.38
31/05/2022,66030,280,3.08
31/05/2022,71050,183,328.01
31/05/2022,65710,222,497.19
31/05/2022,66070,154,8.37
31/05/2022,65750,293,455.62
31/05/2022,66550,253,125.07
31/05/2022,71190,289,142.93
31/05/2022,86450,174,9.02
31/05/2022,61550,284,404.69
31/05/2022,65650,246,385.03
31/05/2022,66520,231,39.6
31/05/2022,62099,160,24.36
31/05/2022,71020,208,"1,110.98"
31/05/2022,66550,203,103.18
31/05/2022,85510,198,548.4
31/05/2022,65600,217,158.96
31/05/2022,66510,249,116.8
31/05/2022,66070,295,9.2
31/05/2022,81230,208,194.99
31/05/2022,66010,223,52.46
31/05/2022,71070,180,9.01
31/05/2022,62030,235,206.8
31/05/2022,61570,247,178.01
31/05/2022,62550,296,40.43
31/05/2022,62010,162,532.87
31/05/2022,68060,159,89.66
31/05/2022,65550,205,432.21
31/05/2022,66130,261,40.97
31/05/2022,65520,200,22.7
31/05/2022,66110,196,0.44
31/05/2022,65760,249,5.03
31/05/2022,63050,157,6.6
31/05/2022,65750,165,506.24
31/05/2022,65570,152,7.22
31/05/2022,66550,203,112.56
31/05/2022,66510,155,50.06
31/05/2022,66040,157,87.23
31/05/2022,66080,228,6.05
31/05/2022,64020,170,1.84
31/05/2022,86280,294,65.9
31/05/2022,61570,228,145.64
31/05/2022,62520,190,246.49
31/05/2022,82040,266,61.97
31/05/2022,66040,201,83.08
31/05/2022,66110,260,0.62
31/05/2022,62010,223,"1,017.29"
31/05/2022,62030,277,106
31/05/2022,62510,258,661.55
